"","eta","max_depth","min_child_weight","subsample","colsample_bytree","lambda","alpha","best_score","best_iteration"
"1",0.05,3,1,0.6,0.6,1,0,0.194358246733562,100
"2",0.1,3,1,0.6,0.6,1,0,0.144189082063282,100
"3",0.2,3,1,0.6,0.6,1,0,0.110623126439905,100
"4",0.05,6,1,0.6,0.6,1,0,0.13495283454098,100
"5",0.1,6,1,0.6,0.6,1,0,0.0957858551870784,100
"6",0.2,6,1,0.6,0.6,1,0,0.0719025312983224,100
"7",0.05,9,1,0.6,0.6,1,0,0.122096053105323,100
"8",0.1,9,1,0.6,0.6,1,0,0.0843016748019198,100
"9",0.2,9,1,0.6,0.6,1,0,0.0670469028879431,100
"10",0.05,3,3,0.6,0.6,1,0,0.194465163621674,100
"11",0.1,3,3,0.6,0.6,1,0,0.142601772351717,100
"12",0.2,3,3,0.6,0.6,1,0,0.111380148160565,100
"13",0.05,6,3,0.6,0.6,1,0,0.135974842060132,100
"14",0.1,6,3,0.6,0.6,1,0,0.0936513318001648,100
"15",0.2,6,3,0.6,0.6,1,0,0.0752799700987238,100
"16",0.05,9,3,0.6,0.6,1,0,0.121702606411843,100
"17",0.1,9,3,0.6,0.6,1,0,0.0871360967132204,100
"18",0.2,9,3,0.6,0.6,1,0,0.0728885550035409,100
"19",0.05,3,5,0.6,0.6,1,0,0.194247890972214,100
"20",0.1,3,5,0.6,0.6,1,0,0.143465414892059,100
"21",0.2,3,5,0.6,0.6,1,0,0.112196352759538,100
"22",0.05,6,5,0.6,0.6,1,0,0.13956255182403,100
"23",0.1,6,5,0.6,0.6,1,0,0.0990151359043615,100
"24",0.2,6,5,0.6,0.6,1,0,0.0806718988813351,100
"25",0.05,9,5,0.6,0.6,1,0,0.130030097911734,100
"26",0.1,9,5,0.6,0.6,1,0,0.091295227731913,100
"27",0.2,9,5,0.6,0.6,1,0,0.0755278661829313,100
"28",0.05,3,1,0.8,0.6,1,0,0.19645466833774,100
"29",0.1,3,1,0.8,0.6,1,0,0.143775659035622,100
"30",0.2,3,1,0.8,0.6,1,0,0.112455777052046,100
"31",0.05,6,1,0.8,0.6,1,0,0.133609187784538,100
"32",0.1,6,1,0.8,0.6,1,0,0.0892250418336116,100
"33",0.2,6,1,0.8,0.6,1,0,0.0691021988114393,100
"34",0.05,9,1,0.8,0.6,1,0,0.119990777775608,100
"35",0.1,9,1,0.8,0.6,1,0,0.0816166739828083,100
"36",0.2,9,1,0.8,0.6,1,0,0.0640685488267734,100
"37",0.05,3,3,0.8,0.6,1,0,0.197568172688324,100
"38",0.1,3,3,0.8,0.6,1,0,0.141119346932044,100
"39",0.2,3,3,0.8,0.6,1,0,0.111442287277461,100
"40",0.05,6,3,0.8,0.6,1,0,0.134523632675125,100
"41",0.1,6,3,0.8,0.6,1,0,0.0941740388212254,100
"42",0.2,6,3,0.8,0.6,1,0,0.0711015971567417,100
"43",0.05,9,3,0.8,0.6,1,0,0.120279932573278,100
"44",0.1,9,3,0.8,0.6,1,0,0.0835606239482752,100
"45",0.2,9,3,0.8,0.6,1,0,0.0684714934495528,100
"46",0.05,3,5,0.8,0.6,1,0,0.195702094423661,100
"47",0.1,3,5,0.8,0.6,1,0,0.145312841621382,100
"48",0.2,3,5,0.8,0.6,1,0,0.111389598373056,100
"49",0.05,6,5,0.8,0.6,1,0,0.136048064417511,100
"50",0.1,6,5,0.8,0.6,1,0,0.0969171009922078,100
"51",0.2,6,5,0.8,0.6,1,0,0.0756644380262251,100
"52",0.05,9,5,0.8,0.6,1,0,0.126409958325359,100
"53",0.1,9,5,0.8,0.6,1,0,0.0903519504893064,100
"54",0.2,9,5,0.8,0.6,1,0,0.0701246347259876,100
"55",0.05,3,1,1,0.6,1,0,0.196489047959648,100
"56",0.1,3,1,1,0.6,1,0,0.143498688617355,100
"57",0.2,3,1,1,0.6,1,0,0.111328839924805,100
"58",0.05,6,1,1,0.6,1,0,0.133634946121861,100
"59",0.1,6,1,1,0.6,1,0,0.0903998141405392,100
"60",0.2,6,1,1,0.6,1,0,0.0688012363695859,100
"61",0.05,9,1,1,0.6,1,0,0.114869321363691,100
"62",0.1,9,1,1,0.6,1,0,0.0796363754875747,100
"63",0.2,9,1,1,0.6,1,0,0.0620017540775397,100
"64",0.05,3,3,1,0.6,1,0,0.196034523690475,100
"65",0.1,3,3,1,0.6,1,0,0.143447586145709,100
"66",0.2,3,3,1,0.6,1,0,0.111937047570002,100
"67",0.05,6,3,1,0.6,1,0,0.133632072736569,100
"68",0.1,6,3,1,0.6,1,0,0.0909099164185645,100
"69",0.2,6,3,1,0.6,1,0,0.0711570643765939,100
"70",0.05,9,3,1,0.6,1,0,0.120911140995523,100
"71",0.1,9,3,1,0.6,1,0,0.0810204845776966,100
"72",0.2,9,3,1,0.6,1,0,0.0641849221508188,100
"73",0.05,3,5,1,0.6,1,0,0.195346409601936,100
"74",0.1,3,5,1,0.6,1,0,0.143055925282261,100
"75",0.2,3,5,1,0.6,1,0,0.111044235708162,100
"76",0.05,6,5,1,0.6,1,0,0.13349013043346,100
"77",0.1,6,5,1,0.6,1,0,0.093365569143088,100
"78",0.2,6,5,1,0.6,1,0,0.0716322764992045,100
"79",0.05,9,5,1,0.6,1,0,0.120892800523842,100
"80",0.1,9,5,1,0.6,1,0,0.0872785129913175,100
"81",0.2,9,5,1,0.6,1,0,0.0670353901775451,100
"82",0.05,3,1,0.6,0.8,1,0,0.185639674978461,100
"83",0.1,3,1,0.6,0.8,1,0,0.135487357005969,100
"84",0.2,3,1,0.6,0.8,1,0,0.105334481968564,100
"85",0.05,6,1,0.6,0.8,1,0,0.113964683363143,100
"86",0.1,6,1,0.6,0.8,1,0,0.0802785870768655,100
"87",0.2,6,1,0.6,0.8,1,0,0.0645181659083179,99
"88",0.05,9,1,0.6,0.8,1,0,0.0952826676424375,100
"89",0.1,9,1,0.6,0.8,1,0,0.0637895648819829,100
"90",0.2,9,1,0.6,0.8,1,0,0.0557034654295494,100
"91",0.05,3,3,0.6,0.8,1,0,0.185635657391097,100
"92",0.1,3,3,0.6,0.8,1,0,0.136485335517849,100
"93",0.2,3,3,0.6,0.8,1,0,0.106700585134672,100
"94",0.05,6,3,0.6,0.8,1,0,0.116626517663465,100
"95",0.1,6,3,0.6,0.8,1,0,0.0849859876283836,100
"96",0.2,6,3,0.6,0.8,1,0,0.0675975773955944,100
"97",0.05,9,3,0.6,0.8,1,0,0.0999348108883025,100
"98",0.1,9,3,0.6,0.8,1,0,0.0741630142993685,100
"99",0.2,9,3,0.6,0.8,1,0,0.0616426035754845,99
"100",0.05,3,5,0.6,0.8,1,0,0.186571347350908,100
"101",0.1,3,5,0.6,0.8,1,0,0.135662309736195,100
"102",0.2,3,5,0.6,0.8,1,0,0.107908201701182,100
"103",0.05,6,5,0.6,0.8,1,0,0.120052682701542,100
"104",0.1,6,5,0.6,0.8,1,0,0.0875531806576961,100
"105",0.2,6,5,0.6,0.8,1,0,0.0735781619113108,100
"106",0.05,9,5,0.6,0.8,1,0,0.106050430375285,100
"107",0.1,9,5,0.6,0.8,1,0,0.080707748333251,100
"108",0.2,9,5,0.6,0.8,1,0,0.0693522995046596,100
"109",0.05,3,1,0.8,0.8,1,0,0.187125576034112,100
"110",0.1,3,1,0.8,0.8,1,0,0.137747952869521,100
"111",0.2,3,1,0.8,0.8,1,0,0.106097440806694,100
"112",0.05,6,1,0.8,0.8,1,0,0.114242882538152,100
"113",0.1,6,1,0.8,0.8,1,0,0.0775623916156844,100
"114",0.2,6,1,0.8,0.8,1,0,0.0611595514210142,100
"115",0.05,9,1,0.8,0.8,1,0,0.0883937457372789,100
"116",0.1,9,1,0.8,0.8,1,0,0.0610072016437908,100
"117",0.2,9,1,0.8,0.8,1,0,0.051211036652048,99
"118",0.05,3,3,0.8,0.8,1,0,0.186505272510926,100
"119",0.1,3,3,0.8,0.8,1,0,0.136981479649226,100
"120",0.2,3,3,0.8,0.8,1,0,0.105598935653967,100
"121",0.05,6,3,0.8,0.8,1,0,0.114821855073872,100
"122",0.1,6,3,0.8,0.8,1,0,0.0810178491604657,100
"123",0.2,6,3,0.8,0.8,1,0,0.064087713379971,100
"124",0.05,9,3,0.8,0.8,1,0,0.0963176748939752,100
"125",0.1,9,3,0.8,0.8,1,0,0.0669133287323443,100
"126",0.2,9,3,0.8,0.8,1,0,0.0578954345735173,100
"127",0.05,3,5,0.8,0.8,1,0,0.186699560193994,100
"128",0.1,3,5,0.8,0.8,1,0,0.138073823005469,100
"129",0.2,3,5,0.8,0.8,1,0,0.105447459733829,100
"130",0.05,6,5,0.8,0.8,1,0,0.118402544193647,100
"131",0.1,6,5,0.8,0.8,1,0,0.0851123389550928,100
"132",0.2,6,5,0.8,0.8,1,0,0.0688369872346308,100
"133",0.05,9,5,0.8,0.8,1,0,0.101552107480838,100
"134",0.1,9,5,0.8,0.8,1,0,0.0733124721371058,100
"135",0.2,9,5,0.8,0.8,1,0,0.0617120324581807,99
"136",0.05,3,1,1,0.8,1,0,0.187484018642318,100
"137",0.1,3,1,1,0.8,1,0,0.13748991895412,100
"138",0.2,3,1,1,0.8,1,0,0.106625850377083,100
"139",0.05,6,1,1,0.8,1,0,0.112077000362253,100
"140",0.1,6,1,1,0.8,1,0,0.0760536119710022,100
"141",0.2,6,1,1,0.8,1,0,0.0545194104468004,100
"142",0.05,9,1,1,0.8,1,0,0.0861875768014562,100
"143",0.1,9,1,1,0.8,1,0,0.0578551727835105,100
"144",0.2,9,1,1,0.8,1,0,0.0486291726481283,100
"145",0.05,3,3,1,0.8,1,0,0.187780668748446,100
"146",0.1,3,3,1,0.8,1,0,0.1374727453539,100
"147",0.2,3,3,1,0.8,1,0,0.106246418982945,100
"148",0.05,6,3,1,0.8,1,0,0.113959562020907,100
"149",0.1,6,3,1,0.8,1,0,0.0790626015436325,100
"150",0.2,6,3,1,0.8,1,0,0.0628405089343703,100
"151",0.05,9,3,1,0.8,1,0,0.0897826705154257,100
"152",0.1,9,3,1,0.8,1,0,0.0634236288613788,100
"153",0.2,9,3,1,0.8,1,0,0.0551454559479451,100
"154",0.05,3,5,1,0.8,1,0,0.188249259409336,100
"155",0.1,3,5,1,0.8,1,0,0.137403904573957,100
"156",0.2,3,5,1,0.8,1,0,0.106567177731591,100
"157",0.05,6,5,1,0.8,1,0,0.115558234613102,100
"158",0.1,6,5,1,0.8,1,0,0.0806685116620808,100
"159",0.2,6,5,1,0.8,1,0,0.0642725082063302,100
"160",0.05,9,5,1,0.8,1,0,0.0986380884253506,100
"161",0.1,9,5,1,0.8,1,0,0.0713052191127243,100
"162",0.2,9,5,1,0.8,1,0,0.0566083529593467,100
"163",0.05,3,1,0.6,1,1,0,0.182293736021488,100
"164",0.1,3,1,0.6,1,1,0,0.131368754783853,100
"165",0.2,3,1,0.6,1,1,0,0.101267438897624,100
"166",0.05,6,1,0.6,1,1,0,0.102786027702893,100
"167",0.1,6,1,0.6,1,1,0,0.0712654928709879,100
"168",0.2,6,1,0.6,1,1,0,0.057674232564221,100
"169",0.05,9,1,0.6,1,1,0,0.0747070927167948,100
"170",0.1,9,1,0.6,1,1,0,0.0557425457639187,100
"171",0.2,9,1,0.6,1,1,0,0.0508001425454216,96
"172",0.05,3,3,0.6,1,1,0,0.182644598524434,100
"173",0.1,3,3,0.6,1,1,0,0.132520026690351,100
"174",0.2,3,3,0.6,1,1,0,0.099946529273229,100
"175",0.05,6,3,0.6,1,1,0,0.107909065040321,100
"176",0.1,6,3,0.6,1,1,0,0.0774578349667731,100
"177",0.2,6,3,0.6,1,1,0,0.0646411047877603,100
"178",0.05,9,3,0.6,1,1,0,0.0864692138408407,100
"179",0.1,9,3,0.6,1,1,0,0.0654348832987753,100
"180",0.2,9,3,0.6,1,1,0,0.0578091697854918,100
"181",0.05,3,5,0.6,1,1,0,0.182485534428936,100
"182",0.1,3,5,0.6,1,1,0,0.132917996182948,100
"183",0.2,3,5,0.6,1,1,0,0.102930351174767,100
"184",0.05,6,5,0.6,1,1,0,0.111967396801508,100
"185",0.1,6,5,0.6,1,1,0,0.0818001426744332,100
"186",0.2,6,5,0.6,1,1,0,0.0703786840351354,100
"187",0.05,9,5,0.6,1,1,0,0.095534605768796,100
"188",0.1,9,5,0.6,1,1,0,0.0738200918537695,100
"189",0.2,9,5,0.6,1,1,0,0.0657162166043298,100
"190",0.05,3,1,0.8,1,1,0,0.18372639411964,100
"191",0.1,3,1,0.8,1,1,0,0.132533122355728,100
"192",0.2,3,1,0.8,1,1,0,0.101990005756261,100
"193",0.05,6,1,0.8,1,1,0,0.102748017812002,100
"194",0.1,6,1,0.8,1,1,0,0.0707775246979378,100
"195",0.2,6,1,0.8,1,1,0,0.0558508243211973,100
"196",0.05,9,1,0.8,1,1,0,0.0713266961865438,100
"197",0.1,9,1,0.8,1,1,0,0.0509565397559806,100
"198",0.2,9,1,0.8,1,1,0,0.0492076367702058,91
"199",0.05,3,3,0.8,1,1,0,0.184315724012739,100
"200",0.1,3,3,0.8,1,1,0,0.134176705036548,100
"201",0.2,3,3,0.8,1,1,0,0.100977741342471,100
"202",0.05,6,3,0.8,1,1,0,0.105803050817406,100
"203",0.1,6,3,0.8,1,1,0,0.074923317087129,100
"204",0.2,6,3,0.8,1,1,0,0.0591632999001465,100
"205",0.05,9,3,0.8,1,1,0,0.081798382431566,100
"206",0.1,9,3,0.8,1,1,0,0.0609169043781055,100
"207",0.2,9,3,0.8,1,1,0,0.053356847689163,95
"208",0.05,3,5,0.8,1,1,0,0.184022745889888,100
"209",0.1,3,5,0.8,1,1,0,0.133458105487952,100
"210",0.2,3,5,0.8,1,1,0,0.100829874834729,100
"211",0.05,6,5,0.8,1,1,0,0.107743089870692,100
"212",0.1,6,5,0.8,1,1,0,0.0797107951646633,100
"213",0.2,6,5,0.8,1,1,0,0.0645135278347443,100
"214",0.05,9,5,0.8,1,1,0,0.0897925884347454,100
"215",0.1,9,5,0.8,1,1,0,0.0664470038792414,100
"216",0.2,9,5,0.8,1,1,0,0.0578611936713848,100
"217",0.05,3,1,1,1,1,0,0.185722718218412,100
"218",0.1,3,1,1,1,1,0,0.13591035849191,100
"219",0.2,3,1,1,1,1,0,0.102740816701872,100
"220",0.05,6,1,1,1,1,0,0.105431264127345,100
"221",0.1,6,1,1,1,1,0,0.0722813407789096,100
"222",0.2,6,1,1,1,1,0,0.0549236681513227,100
"223",0.05,9,1,1,1,1,0,0.0700927239098358,100
"224",0.1,9,1,1,1,1,0,0.0518362534450343,100
"225",0.2,9,1,1,1,1,0,0.0453890616241946,99
"226",0.05,3,3,1,1,1,0,0.184622569129283,100
"227",0.1,3,3,1,1,1,0,0.135427175409073,100
"228",0.2,3,3,1,1,1,0,0.10185596345247,100
"229",0.05,6,3,1,1,1,0,0.108755122295247,100
"230",0.1,6,3,1,1,1,0,0.0744550081694612,100
"231",0.2,6,3,1,1,1,0,0.0584075117723611,100
"232",0.05,9,3,1,1,1,0,0.0792953888472254,100
"233",0.1,9,3,1,1,1,0,0.0574428209813825,100
"234",0.2,9,3,1,1,1,0,0.0494489891562959,100
"235",0.05,3,5,1,1,1,0,0.185566357847431,100
"236",0.1,3,5,1,1,1,0,0.13544495857564,100
"237",0.2,3,5,1,1,1,0,0.102884510330787,100
"238",0.05,6,5,1,1,1,0,0.11173172795572,100
"239",0.1,6,5,1,1,1,0,0.0769628431790511,100
"240",0.2,6,5,1,1,1,0,0.0622918149898267,100
"241",0.05,9,5,1,1,1,0,0.0856895977015868,100
"242",0.1,9,5,1,1,1,0,0.0647789427055404,100
"243",0.2,9,5,1,1,1,0,0.0553174889771079,100
"244",0.05,3,1,0.6,0.6,1.5,0,0.193692044169461,100
"245",0.1,3,1,0.6,0.6,1.5,0,0.143254541313216,100
"246",0.2,3,1,0.6,0.6,1.5,0,0.112308495518302,100
"247",0.05,6,1,0.6,0.6,1.5,0,0.134958679711075,100
"248",0.1,6,1,0.6,0.6,1.5,0,0.0963510222245841,100
"249",0.2,6,1,0.6,0.6,1.5,0,0.0745496187682262,100
"250",0.05,9,1,0.6,0.6,1.5,0,0.123475211491825,100
"251",0.1,9,1,0.6,0.6,1.5,0,0.0845989615181748,100
"252",0.2,9,1,0.6,0.6,1.5,0,0.0693776724662994,100
"253",0.05,3,3,0.6,0.6,1.5,0,0.193955325632738,100
"254",0.1,3,3,0.6,0.6,1.5,0,0.143823269064425,100
"255",0.2,3,3,0.6,0.6,1.5,0,0.110794557929963,100
"256",0.05,6,3,0.6,0.6,1.5,0,0.140338327992761,100
"257",0.1,6,3,0.6,0.6,1.5,0,0.0970272109872956,100
"258",0.2,6,3,0.6,0.6,1.5,0,0.0787416044928993,100
"259",0.05,9,3,0.6,0.6,1.5,0,0.127830467804795,100
"260",0.1,9,3,0.6,0.6,1.5,0,0.08851254126059,100
"261",0.2,9,3,0.6,0.6,1.5,0,0.0723349454645821,100
"262",0.05,3,5,0.6,0.6,1.5,0,0.19621010746849,100
"263",0.1,3,5,0.6,0.6,1.5,0,0.144240034244866,100
"264",0.2,3,5,0.6,0.6,1.5,0,0.113232879401176,100
"265",0.05,6,5,0.6,0.6,1.5,0,0.138960074223648,100
"266",0.1,6,5,0.6,0.6,1.5,0,0.10007245160181,100
"267",0.2,6,5,0.6,0.6,1.5,0,0.081729800485898,100
"268",0.05,9,5,0.6,0.6,1.5,0,0.133249517650906,100
"269",0.1,9,5,0.6,0.6,1.5,0,0.0927810075170979,100
"270",0.2,9,5,0.6,0.6,1.5,0,0.076544139216419,100
"271",0.05,3,1,0.8,0.6,1.5,0,0.193124823942808,100
"272",0.1,3,1,0.8,0.6,1.5,0,0.143156344421471,100
"273",0.2,3,1,0.8,0.6,1.5,0,0.112150163222832,100
"274",0.05,6,1,0.8,0.6,1.5,0,0.135418543037035,100
"275",0.1,6,1,0.8,0.6,1.5,0,0.0913933013269919,100
"276",0.2,6,1,0.8,0.6,1.5,0,0.0715784166456806,100
"277",0.05,9,1,0.8,0.6,1.5,0,0.121081151756514,100
"278",0.1,9,1,0.8,0.6,1.5,0,0.0861864474108442,100
"279",0.2,9,1,0.8,0.6,1.5,0,0.0622962519701559,100
"280",0.05,3,3,0.8,0.6,1.5,0,0.194449302321378,100
"281",0.1,3,3,0.8,0.6,1.5,0,0.143164327170707,100
"282",0.2,3,3,0.8,0.6,1.5,0,0.112555985402829,100
"283",0.05,6,3,0.8,0.6,1.5,0,0.137174436443656,100
"284",0.1,6,3,0.8,0.6,1.5,0,0.0939250645861865,100
"285",0.2,6,3,0.8,0.6,1.5,0,0.0723290874570505,100
"286",0.05,9,3,0.8,0.6,1.5,0,0.123410766397426,100
"287",0.1,9,3,0.8,0.6,1.5,0,0.0868109897892301,100
"288",0.2,9,3,0.8,0.6,1.5,0,0.0683197776621895,100
"289",0.05,3,5,0.8,0.6,1.5,0,0.196497568572964,100
"290",0.1,3,5,0.8,0.6,1.5,0,0.144229021214427,100
"291",0.2,3,5,0.8,0.6,1.5,0,0.113637963927823,100
"292",0.05,6,5,0.8,0.6,1.5,0,0.136725408742534,100
"293",0.1,6,5,0.8,0.6,1.5,0,0.0985211150919041,100
"294",0.2,6,5,0.8,0.6,1.5,0,0.0754770460130221,100
"295",0.05,9,5,0.8,0.6,1.5,0,0.127372335053948,100
"296",0.1,9,5,0.8,0.6,1.5,0,0.0901996948534168,100
"297",0.2,9,5,0.8,0.6,1.5,0,0.070758686258336,100
"298",0.05,3,1,1,0.6,1.5,0,0.196359789897306,100
"299",0.1,3,1,1,0.6,1.5,0,0.144904142847567,100
"300",0.2,3,1,1,0.6,1.5,0,0.112794416188495,100
"301",0.05,6,1,1,0.6,1.5,0,0.134946077248927,100
"302",0.1,6,1,1,0.6,1.5,0,0.0924294955719044,100
"303",0.2,6,1,1,0.6,1.5,0,0.0690199505122002,100
"304",0.05,9,1,1,0.6,1.5,0,0.118169418863244,100
"305",0.1,9,1,1,0.6,1.5,0,0.080177368949684,100
"306",0.2,9,1,1,0.6,1.5,0,0.0622992666708928,100
"307",0.05,3,3,1,0.6,1.5,0,0.196073572134249,100
"308",0.1,3,3,1,0.6,1.5,0,0.143331114683476,100
"309",0.2,3,3,1,0.6,1.5,0,0.111829769041301,100
"310",0.05,6,3,1,0.6,1.5,0,0.136543434302719,100
"311",0.1,6,3,1,0.6,1.5,0,0.0929263340968385,100
"312",0.2,6,3,1,0.6,1.5,0,0.0709755085803858,100
"313",0.05,9,3,1,0.6,1.5,0,0.118082448226218,100
"314",0.1,9,3,1,0.6,1.5,0,0.0853710934767121,100
"315",0.2,9,3,1,0.6,1.5,0,0.0640939634220924,100
"316",0.05,3,5,1,0.6,1.5,0,0.195774679053239,100
"317",0.1,3,5,1,0.6,1.5,0,0.144976787574149,100
"318",0.2,3,5,1,0.6,1.5,0,0.112755196082353,100
"319",0.05,6,5,1,0.6,1.5,0,0.135650744309475,100
"320",0.1,6,5,1,0.6,1.5,0,0.0957643387482712,100
"321",0.2,6,5,1,0.6,1.5,0,0.0724112991318122,100
"322",0.05,9,5,1,0.6,1.5,0,0.122736650443901,100
"323",0.1,9,5,1,0.6,1.5,0,0.0855212328672321,100
"324",0.2,9,5,1,0.6,1.5,0,0.0716184772362453,100
"325",0.05,3,1,0.6,0.8,1.5,0,0.18824730833979,100
"326",0.1,3,1,0.6,0.8,1.5,0,0.136281028238405,100
"327",0.2,3,1,0.6,0.8,1.5,0,0.106423789307536,100
"328",0.05,6,1,0.6,0.8,1.5,0,0.11710284161887,100
"329",0.1,6,1,0.6,0.8,1.5,0,0.0821723277782763,100
"330",0.2,6,1,0.6,0.8,1.5,0,0.0662438248634521,100
"331",0.05,9,1,0.6,0.8,1.5,0,0.0970425411365955,100
"332",0.1,9,1,0.6,0.8,1.5,0,0.0685764130999779,100
"333",0.2,9,1,0.6,0.8,1.5,0,0.055789648011071,100
"334",0.05,3,3,0.6,0.8,1.5,0,0.186513722971701,100
"335",0.1,3,3,0.6,0.8,1.5,0,0.13753070855839,100
"336",0.2,3,3,0.6,0.8,1.5,0,0.107223265113866,100
"337",0.05,6,3,0.6,0.8,1.5,0,0.118011638548268,100
"338",0.1,6,3,0.6,0.8,1.5,0,0.0847513256360614,100
"339",0.2,6,3,0.6,0.8,1.5,0,0.0702176006054416,100
"340",0.05,9,3,0.6,0.8,1.5,0,0.101856192376435,100
"341",0.1,9,3,0.6,0.8,1.5,0,0.0751470333152163,100
"342",0.2,9,3,0.6,0.8,1.5,0,0.0628138048959284,100
"343",0.05,3,5,0.6,0.8,1.5,0,0.186684045160861,100
"344",0.1,3,5,0.6,0.8,1.5,0,0.136355557480657,100
"345",0.2,3,5,0.6,0.8,1.5,0,0.108207889252758,100
"346",0.05,6,5,0.6,0.8,1.5,0,0.121736848467367,100
"347",0.1,6,5,0.6,0.8,1.5,0,0.0886179038333076,100
"348",0.2,6,5,0.6,0.8,1.5,0,0.0729214757136591,100
"349",0.05,9,5,0.6,0.8,1.5,0,0.108298654334389,100
"350",0.1,9,5,0.6,0.8,1.5,0,0.0798195426619379,100
"351",0.2,9,5,0.6,0.8,1.5,0,0.0689850637111948,100
"352",0.05,3,1,0.8,0.8,1.5,0,0.188021927442222,100
"353",0.1,3,1,0.8,0.8,1.5,0,0.137924785916819,100
"354",0.2,3,1,0.8,0.8,1.5,0,0.107532886401337,100
"355",0.05,6,1,0.8,0.8,1.5,0,0.114768191603713,100
"356",0.1,6,1,0.8,0.8,1.5,0,0.0781830733346319,100
"357",0.2,6,1,0.8,0.8,1.5,0,0.0623914320222078,100
"358",0.05,9,1,0.8,0.8,1.5,0,0.0941878083977084,100
"359",0.1,9,1,0.8,0.8,1.5,0,0.0625115732164511,100
"360",0.2,9,1,0.8,0.8,1.5,0,0.0502880944587175,100
"361",0.05,3,3,0.8,0.8,1.5,0,0.187748490491549,100
"362",0.1,3,3,0.8,0.8,1.5,0,0.136987841242387,100
"363",0.2,3,3,0.8,0.8,1.5,0,0.107374920865007,100
"364",0.05,6,3,0.8,0.8,1.5,0,0.116075962319079,100
"365",0.1,6,3,0.8,0.8,1.5,0,0.0822732265711744,100
"366",0.2,6,3,0.8,0.8,1.5,0,0.0645120024384924,100
"367",0.05,9,3,0.8,0.8,1.5,0,0.0977048523210456,100
"368",0.1,9,3,0.8,0.8,1.5,0,0.0689451495734721,100
"369",0.2,9,3,0.8,0.8,1.5,0,0.0594510031070173,100
"370",0.05,3,5,0.8,0.8,1.5,0,0.186713429865116,100
"371",0.1,3,5,0.8,0.8,1.5,0,0.137941393476684,100
"372",0.2,3,5,0.8,0.8,1.5,0,0.107132324701844,100
"373",0.05,6,5,0.8,0.8,1.5,0,0.118821371983627,100
"374",0.1,6,5,0.8,0.8,1.5,0,0.084274301461686,100
"375",0.2,6,5,0.8,0.8,1.5,0,0.0666961389621478,99
"376",0.05,9,5,0.8,0.8,1.5,0,0.104670976027952,100
"377",0.1,9,5,0.8,0.8,1.5,0,0.0754528887673335,100
"378",0.2,9,5,0.8,0.8,1.5,0,0.0612250041100395,99
"379",0.05,3,1,1,0.8,1.5,0,0.189351817543849,100
"380",0.1,3,1,1,0.8,1.5,0,0.137682137698528,100
"381",0.2,3,1,1,0.8,1.5,0,0.107105778346239,100
"382",0.05,6,1,1,0.8,1.5,0,0.114543919202017,100
"383",0.1,6,1,1,0.8,1.5,0,0.0760790186649773,100
"384",0.2,6,1,1,0.8,1.5,0,0.0571660354387823,100
"385",0.05,9,1,1,0.8,1.5,0,0.0911385139709598,100
"386",0.1,9,1,1,0.8,1.5,0,0.0600281434988949,100
"387",0.2,9,1,1,0.8,1.5,0,0.0491284746870089,100
"388",0.05,3,3,1,0.8,1.5,0,0.188652664405502,100
"389",0.1,3,3,1,0.8,1.5,0,0.137411493064986,100
"390",0.2,3,3,1,0.8,1.5,0,0.106394811307467,100
"391",0.05,6,3,1,0.8,1.5,0,0.116047990852953,100
"392",0.1,6,3,1,0.8,1.5,0,0.0793700176467376,100
"393",0.2,6,3,1,0.8,1.5,0,0.0619729390768927,100
"394",0.05,9,3,1,0.8,1.5,0,0.0931701481512377,100
"395",0.1,9,3,1,0.8,1.5,0,0.066104459065401,100
"396",0.2,9,3,1,0.8,1.5,0,0.0531464988972749,100
"397",0.05,3,5,1,0.8,1.5,0,0.189127851067488,100
"398",0.1,3,5,1,0.8,1.5,0,0.137332347874261,100
"399",0.2,3,5,1,0.8,1.5,0,0.105986962607508,100
"400",0.05,6,5,1,0.8,1.5,0,0.116119585741152,100
"401",0.1,6,5,1,0.8,1.5,0,0.0836341431745062,100
"402",0.2,6,5,1,0.8,1.5,0,0.0663180055934731,100
"403",0.05,9,5,1,0.8,1.5,0,0.100250561675116,100
"404",0.1,9,5,1,0.8,1.5,0,0.0724461151112207,100
"405",0.2,9,5,1,0.8,1.5,0,0.0598331099975005,100
"406",0.05,3,1,0.6,1,1.5,0,0.183108221716182,100
"407",0.1,3,1,0.6,1,1.5,0,0.13301113251151,100
"408",0.2,3,1,0.6,1,1.5,0,0.101226330872879,100
"409",0.05,6,1,0.6,1,1.5,0,0.105406641289906,100
"410",0.1,6,1,0.6,1,1.5,0,0.0747460113552695,100
"411",0.2,6,1,0.6,1,1.5,0,0.05817618887622,100
"412",0.05,9,1,0.6,1,1.5,0,0.0769940427790999,100
"413",0.1,9,1,0.6,1,1.5,0,0.057673254262229,100
"414",0.2,9,1,0.6,1,1.5,0,0.0477582494806326,100
"415",0.05,3,3,0.6,1,1.5,0,0.182937718026765,100
"416",0.1,3,3,0.6,1,1.5,0,0.131362513967787,100
"417",0.2,3,3,0.6,1,1.5,0,0.101287369716124,100
"418",0.05,6,3,0.6,1,1.5,0,0.109030207915511,100
"419",0.1,6,3,0.6,1,1.5,0,0.0785077094907537,100
"420",0.2,6,3,0.6,1,1.5,0,0.0663272715340736,100
"421",0.05,9,3,0.6,1,1.5,0,0.0889085882570284,100
"422",0.1,9,3,0.6,1,1.5,0,0.0665386546236136,100
"423",0.2,9,3,0.6,1,1.5,0,0.0578363281553485,99
"424",0.05,3,5,0.6,1,1.5,0,0.183226973659075,100
"425",0.1,3,5,0.6,1,1.5,0,0.133615444887558,100
"426",0.2,3,5,0.6,1,1.5,0,0.101681706971698,100
"427",0.05,6,5,0.6,1,1.5,0,0.113841934964039,100
"428",0.1,6,5,0.6,1,1.5,0,0.0845693113637273,100
"429",0.2,6,5,0.6,1,1.5,0,0.0692289960755784,100
"430",0.05,9,5,0.6,1,1.5,0,0.0964926695651371,100
"431",0.1,9,5,0.6,1,1.5,0,0.0743120024042155,100
"432",0.2,9,5,0.6,1,1.5,0,0.0647122240963762,100
"433",0.05,3,1,0.8,1,1.5,0,0.185122705414638,100
"434",0.1,3,1,0.8,1,1.5,0,0.133857897471455,100
"435",0.2,3,1,0.8,1,1.5,0,0.101157199045935,100
"436",0.05,6,1,0.8,1,1.5,0,0.105010615123335,100
"437",0.1,6,1,0.8,1,1.5,0,0.0712486222298909,100
"438",0.2,6,1,0.8,1,1.5,0,0.0541715938732125,100
"439",0.05,9,1,0.8,1,1.5,0,0.0744003798626002,100
"440",0.1,9,1,0.8,1,1.5,0,0.0521882949972349,100
"441",0.2,9,1,0.8,1,1.5,0,0.0449667282680323,100
"442",0.05,3,3,0.8,1,1.5,0,0.18454847550786,100
"443",0.1,3,3,0.8,1,1.5,0,0.13433017314212,100
"444",0.2,3,3,0.8,1,1.5,0,0.101811351506419,100
"445",0.05,6,3,0.8,1,1.5,0,0.108375007230207,100
"446",0.1,6,3,0.8,1,1.5,0,0.0753044602568683,100
"447",0.2,6,3,0.8,1,1.5,0,0.0610375871509352,100
"448",0.05,9,3,0.8,1,1.5,0,0.0820737497264526,100
"449",0.1,9,3,0.8,1,1.5,0,0.0608210694096614,100
"450",0.2,9,3,0.8,1,1.5,0,0.0537685046026697,100
"451",0.05,3,5,0.8,1,1.5,0,0.183793504234224,100
"452",0.1,3,5,0.8,1,1.5,0,0.133212459258358,100
"453",0.2,3,5,0.8,1,1.5,0,0.103428416001265,100
"454",0.05,6,5,0.8,1,1.5,0,0.111401920415739,100
"455",0.1,6,5,0.8,1,1.5,0,0.0803747753914446,100
"456",0.2,6,5,0.8,1,1.5,0,0.0651302081252496,100
"457",0.05,9,5,0.8,1,1.5,0,0.0912929991702215,100
"458",0.1,9,5,0.8,1,1.5,0,0.0682674947601868,100
"459",0.2,9,5,0.8,1,1.5,0,0.0579153140924474,99
"460",0.05,3,1,1,1,1.5,0,0.18551818619921,100
"461",0.1,3,1,1,1,1.5,0,0.134914749929361,100
"462",0.2,3,1,1,1,1.5,0,0.104234202000106,100
"463",0.05,6,1,1,1,1.5,0,0.107141426737091,100
"464",0.1,6,1,1,1,1.5,0,0.0736161926623225,100
"465",0.2,6,1,1,1,1.5,0,0.0553063041573582,100
"466",0.05,9,1,1,1,1.5,0,0.0734776853579619,100
"467",0.1,9,1,1,1,1.5,0,0.0545239332580582,100
"468",0.2,9,1,1,1,1.5,0,0.0441873483018824,100
"469",0.05,3,3,1,1,1.5,0,0.186291150919751,100
"470",0.1,3,3,1,1,1.5,0,0.134971566892976,100
"471",0.2,3,3,1,1,1.5,0,0.102786664503434,100
"472",0.05,6,3,1,1,1.5,0,0.107875211095761,100
"473",0.1,6,3,1,1,1.5,0,0.074902515235363,100
"474",0.2,6,3,1,1,1.5,0,0.0594962637544139,100
"475",0.05,9,3,1,1,1.5,0,0.0805400274417142,100
"476",0.1,9,3,1,1,1.5,0,0.0579976195478768,100
"477",0.2,9,3,1,1,1.5,0,0.0487474592403419,100
"478",0.05,3,5,1,1,1.5,0,0.186086611183801,100
"479",0.1,3,5,1,1,1.5,0,0.135915380405929,100
"480",0.2,3,5,1,1,1.5,0,0.103483564819257,100
"481",0.05,6,5,1,1,1.5,0,0.112981045711255,100
"482",0.1,6,5,1,1,1.5,0,0.0798492097915101,100
"483",0.2,6,5,1,1,1.5,0,0.0615559287754088,100
"484",0.05,9,5,1,1,1.5,0,0.0872233632430275,100
"485",0.1,9,5,1,1,1.5,0,0.0647569133632249,100
"486",0.2,9,5,1,1,1.5,0,0.0543018876792199,100
"487",0.05,3,1,0.6,0.6,1,0.5,0.194542599106778,100
"488",0.1,3,1,0.6,0.6,1,0.5,0.142966630217526,100
"489",0.2,3,1,0.6,0.6,1,0.5,0.111467535887385,100
"490",0.05,6,1,0.6,0.6,1,0.5,0.137734595823677,100
"491",0.1,6,1,0.6,0.6,1,0.5,0.0958458643084529,100
"492",0.2,6,1,0.6,0.6,1,0.5,0.078344099339717,100
"493",0.05,9,1,0.6,0.6,1,0.5,0.127407245817903,100
"494",0.1,9,1,0.6,0.6,1,0.5,0.0877735382894765,100
"495",0.2,9,1,0.6,0.6,1,0.5,0.0675211363129653,100
"496",0.05,3,3,0.6,0.6,1,0.5,0.195624659725451,100
"497",0.1,3,3,0.6,0.6,1,0.5,0.143934564573714,100
"498",0.2,3,3,0.6,0.6,1,0.5,0.112660434054435,100
"499",0.05,6,3,0.6,0.6,1,0.5,0.13979668059105,100
"500",0.1,6,3,0.6,0.6,1,0.5,0.0979900471454331,100
"501",0.2,6,3,0.6,0.6,1,0.5,0.0793900789347684,100
"502",0.05,9,3,0.6,0.6,1,0.5,0.129040501343135,100
"503",0.1,9,3,0.6,0.6,1,0.5,0.0928573151611428,100
"504",0.2,9,3,0.6,0.6,1,0.5,0.0715834308667238,100
"505",0.05,3,5,0.6,0.6,1,0.5,0.197027514762177,100
"506",0.1,3,5,0.6,0.6,1,0.5,0.143400555117854,100
"507",0.2,3,5,0.6,0.6,1,0.5,0.111564013922386,100
"508",0.05,6,5,0.6,0.6,1,0.5,0.139031949556703,100
"509",0.1,6,5,0.6,0.6,1,0.5,0.102009777140439,100
"510",0.2,6,5,0.6,0.6,1,0.5,0.081060216734481,100
"511",0.05,9,5,0.6,0.6,1,0.5,0.135895019512324,100
"512",0.1,9,5,0.6,0.6,1,0.5,0.0932855297016284,100
"513",0.2,9,5,0.6,0.6,1,0.5,0.0778290930871274,100
"514",0.05,3,1,0.8,0.6,1,0.5,0.196438568678589,100
"515",0.1,3,1,0.8,0.6,1,0.5,0.143210666479155,100
"516",0.2,3,1,0.8,0.6,1,0.5,0.113008885896201,100
"517",0.05,6,1,0.8,0.6,1,0.5,0.137664008550167,100
"518",0.1,6,1,0.8,0.6,1,0.5,0.0926974235275149,100
"519",0.2,6,1,0.8,0.6,1,0.5,0.0718984359493289,100
"520",0.05,9,1,0.8,0.6,1,0.5,0.121171527855759,100
"521",0.1,9,1,0.8,0.6,1,0.5,0.0838088164132893,100
"522",0.2,9,1,0.8,0.6,1,0.5,0.0643649430645108,100
"523",0.05,3,3,0.8,0.6,1,0.5,0.196541614433763,100
"524",0.1,3,3,0.8,0.6,1,0.5,0.142659340016865,100
"525",0.2,3,3,0.8,0.6,1,0.5,0.112606130216669,100
"526",0.05,6,3,0.8,0.6,1,0.5,0.135546609451077,100
"527",0.1,6,3,0.8,0.6,1,0.5,0.0946621112770083,100
"528",0.2,6,3,0.8,0.6,1,0.5,0.0743657468460458,100
"529",0.05,9,3,0.8,0.6,1,0.5,0.124748412657664,100
"530",0.1,9,3,0.8,0.6,1,0.5,0.0883410703990938,100
"531",0.2,9,3,0.8,0.6,1,0.5,0.0680633337292655,100
"532",0.05,3,5,0.8,0.6,1,0.5,0.197017505226945,100
"533",0.1,3,5,0.8,0.6,1,0.5,0.143795409000263,100
"534",0.2,3,5,0.8,0.6,1,0.5,0.113063267456125,100
"535",0.05,6,5,0.8,0.6,1,0.5,0.138732380200195,100
"536",0.1,6,5,0.8,0.6,1,0.5,0.0979356012826727,100
"537",0.2,6,5,0.8,0.6,1,0.5,0.0779599267581553,100
"538",0.05,9,5,0.8,0.6,1,0.5,0.126641701201985,100
"539",0.1,9,5,0.8,0.6,1,0.5,0.0900799367675298,100
"540",0.2,9,5,0.8,0.6,1,0.5,0.072503388809714,100
"541",0.05,3,1,1,0.6,1,0.5,0.195021668623407,100
"542",0.1,3,1,1,0.6,1,0.5,0.145349315895126,100
"543",0.2,3,1,1,0.6,1,0.5,0.112907337620386,100
"544",0.05,6,1,1,0.6,1,0.5,0.135044627503219,100
"545",0.1,6,1,1,0.6,1,0.5,0.0936806212034829,100
"546",0.2,6,1,1,0.6,1,0.5,0.0721198905131236,100
"547",0.05,9,1,1,0.6,1,0.5,0.121949119389106,100
"548",0.1,9,1,1,0.6,1,0.5,0.0831022559027223,100
"549",0.2,9,1,1,0.6,1,0.5,0.0640879744678944,100
"550",0.05,3,3,1,0.6,1,0.5,0.195482014055729,100
"551",0.1,3,3,1,0.6,1,0.5,0.144388237656874,100
"552",0.2,3,3,1,0.6,1,0.5,0.111054491260894,100
"553",0.05,6,3,1,0.6,1,0.5,0.137597579895966,100
"554",0.1,6,3,1,0.6,1,0.5,0.0934856678119746,100
"555",0.2,6,3,1,0.6,1,0.5,0.0722481306076234,100
"556",0.05,9,3,1,0.6,1,0.5,0.119798894772363,100
"557",0.1,9,3,1,0.6,1,0.5,0.0850249868274925,100
"558",0.2,9,3,1,0.6,1,0.5,0.0677113522129857,100
"559",0.05,3,5,1,0.6,1,0.5,0.196657937450253,100
"560",0.1,3,5,1,0.6,1,0.5,0.144539008597261,100
"561",0.2,3,5,1,0.6,1,0.5,0.113662908546065,100
"562",0.05,6,5,1,0.6,1,0.5,0.136646924938798,100
"563",0.1,6,5,1,0.6,1,0.5,0.0958613691256824,100
"564",0.2,6,5,1,0.6,1,0.5,0.0738660458784422,100
"565",0.05,9,5,1,0.6,1,0.5,0.126363362940428,100
"566",0.1,9,5,1,0.6,1,0.5,0.0879780422440932,100
"567",0.2,9,5,1,0.6,1,0.5,0.0690447973771295,100
"568",0.05,3,1,0.6,0.8,1,0.5,0.18742653760248,100
"569",0.1,3,1,0.6,0.8,1,0.5,0.137262438191277,100
"570",0.2,3,1,0.6,0.8,1,0.5,0.106643235677056,100
"571",0.05,6,1,0.6,0.8,1,0.5,0.117468445842376,100
"572",0.1,6,1,0.6,0.8,1,0.5,0.0822234605858945,100
"573",0.2,6,1,0.6,0.8,1,0.5,0.0652906784982542,100
"574",0.05,9,1,0.6,0.8,1,0.5,0.0996857994035597,100
"575",0.1,9,1,0.6,0.8,1,0.5,0.0706755435207228,100
"576",0.2,9,1,0.6,0.8,1,0.5,0.0561392983230605,100
"577",0.05,3,3,0.6,0.8,1,0.5,0.186327057218024,100
"578",0.1,3,3,0.6,0.8,1,0.5,0.136146320897021,100
"579",0.2,3,3,0.6,0.8,1,0.5,0.106011279424895,100
"580",0.05,6,3,0.6,0.8,1,0.5,0.119669244728343,100
"581",0.1,6,3,0.6,0.8,1,0.5,0.0860330306964557,100
"582",0.2,6,3,0.6,0.8,1,0.5,0.0703714274313189,100
"583",0.05,9,3,0.6,0.8,1,0.5,0.104626234642098,100
"584",0.1,9,3,0.6,0.8,1,0.5,0.0752433427735158,100
"585",0.2,9,3,0.6,0.8,1,0.5,0.0633607731276838,100
"586",0.05,3,5,0.6,0.8,1,0.5,0.187186006862492,100
"587",0.1,3,5,0.6,0.8,1,0.5,0.136739211484565,100
"588",0.2,3,5,0.6,0.8,1,0.5,0.106667202424825,100
"589",0.05,6,5,0.6,0.8,1,0.5,0.123346157846654,100
"590",0.1,6,5,0.6,0.8,1,0.5,0.0901239665273876,100
"591",0.2,6,5,0.6,0.8,1,0.5,0.0769344037722432,100
"592",0.05,9,5,0.6,0.8,1,0.5,0.11029202453206,100
"593",0.1,9,5,0.6,0.8,1,0.5,0.0826202885600276,100
"594",0.2,9,5,0.6,0.8,1,0.5,0.0724929786779432,100
"595",0.05,3,1,0.8,0.8,1,0.5,0.187309849717688,100
"596",0.1,3,1,0.8,0.8,1,0.5,0.13715780185472,100
"597",0.2,3,1,0.8,0.8,1,0.5,0.106633636604377,100
"598",0.05,6,1,0.8,0.8,1,0.5,0.114131180734666,100
"599",0.1,6,1,0.8,0.8,1,0.5,0.0789596174125465,100
"600",0.2,6,1,0.8,0.8,1,0.5,0.0612478408822459,100
"601",0.05,9,1,0.8,0.8,1,0.5,0.0936505452562583,100
"602",0.1,9,1,0.8,0.8,1,0.5,0.0659809587451362,100
"603",0.2,9,1,0.8,0.8,1,0.5,0.0525614874234125,100
"604",0.05,3,3,0.8,0.8,1,0.5,0.187369302345947,100
"605",0.1,3,3,0.8,0.8,1,0.5,0.137111238295924,100
"606",0.2,3,3,0.8,0.8,1,0.5,0.107548402439055,100
"607",0.05,6,3,0.8,0.8,1,0.5,0.116244994559034,100
"608",0.1,6,3,0.8,0.8,1,0.5,0.0823454579453151,100
"609",0.2,6,3,0.8,0.8,1,0.5,0.0667829171963985,100
"610",0.05,9,3,0.8,0.8,1,0.5,0.0996885835263824,100
"611",0.1,9,3,0.8,0.8,1,0.5,0.0710386534316202,100
"612",0.2,9,3,0.8,0.8,1,0.5,0.0592466570645507,100
"613",0.05,3,5,0.8,0.8,1,0.5,0.187156446190396,100
"614",0.1,3,5,0.8,0.8,1,0.5,0.136460891286024,100
"615",0.2,3,5,0.8,0.8,1,0.5,0.106803041196381,100
"616",0.05,6,5,0.8,0.8,1,0.5,0.118305248315593,100
"617",0.1,6,5,0.8,0.8,1,0.5,0.0880050443170449,100
"618",0.2,6,5,0.8,0.8,1,0.5,0.0705060330908731,100
"619",0.05,9,5,0.8,0.8,1,0.5,0.103120676821826,100
"620",0.1,9,5,0.8,0.8,1,0.5,0.076366135175193,100
"621",0.2,9,5,0.8,0.8,1,0.5,0.0667049976827615,100
"622",0.05,3,1,1,0.8,1,0.5,0.189458023399423,100
"623",0.1,3,1,1,0.8,1,0.5,0.138019747517146,100
"624",0.2,3,1,1,0.8,1,0.5,0.107548691454511,100
"625",0.05,6,1,1,0.8,1,0.5,0.114482141066497,100
"626",0.1,6,1,1,0.8,1,0.5,0.078583203344479,100
"627",0.2,6,1,1,0.8,1,0.5,0.0606163717698651,100
"628",0.05,9,1,1,0.8,1,0.5,0.0907642022743614,100
"629",0.1,9,1,1,0.8,1,0.5,0.0616662071720309,100
"630",0.2,9,1,1,0.8,1,0.5,0.0502452430289973,100
"631",0.05,3,3,1,0.8,1,0.5,0.189246565340363,100
"632",0.1,3,3,1,0.8,1,0.5,0.138100389672338,100
"633",0.2,3,3,1,0.8,1,0.5,0.107592685535536,100
"634",0.05,6,3,1,0.8,1,0.5,0.114761511230337,100
"635",0.1,6,3,1,0.8,1,0.5,0.0807055223090804,100
"636",0.2,6,3,1,0.8,1,0.5,0.0619559121862131,100
"637",0.05,9,3,1,0.8,1,0.5,0.0953315956256381,100
"638",0.1,9,3,1,0.8,1,0.5,0.0660192951408148,100
"639",0.2,9,3,1,0.8,1,0.5,0.0544208728438477,100
"640",0.05,3,5,1,0.8,1,0.5,0.188602358046998,100
"641",0.1,3,5,1,0.8,1,0.5,0.138258492924657,100
"642",0.2,3,5,1,0.8,1,0.5,0.106009227472219,100
"643",0.05,6,5,1,0.8,1,0.5,0.117178753891239,100
"644",0.1,6,5,1,0.8,1,0.5,0.0829705850632288,100
"645",0.2,6,5,1,0.8,1,0.5,0.0676360039389732,100
"646",0.05,9,5,1,0.8,1,0.5,0.100528599497168,100
"647",0.1,9,5,1,0.8,1,0.5,0.0720531690678177,100
"648",0.2,9,5,1,0.8,1,0.5,0.0600538452161833,100
"649",0.05,3,1,0.6,1,1,0.5,0.181792008600799,100
"650",0.1,3,1,0.6,1,1,0.5,0.132187298106632,100
"651",0.2,3,1,0.6,1,1,0.5,0.100988839598081,100
"652",0.05,6,1,0.6,1,1,0.5,0.105815043179668,100
"653",0.1,6,1,0.6,1,1,0.5,0.0744533178006256,100
"654",0.2,6,1,0.6,1,1,0.5,0.060342317772022,100
"655",0.05,9,1,0.6,1,1,0.5,0.0790028851945589,100
"656",0.1,9,1,0.6,1,1,0.5,0.06038618949795,100
"657",0.2,9,1,0.6,1,1,0.5,0.0523866842500911,100
"658",0.05,3,3,0.6,1,1,0.5,0.182246719527313,100
"659",0.1,3,3,0.6,1,1,0.5,0.133065583585838,100
"660",0.2,3,3,0.6,1,1,0.5,0.101942088031277,100
"661",0.05,6,3,0.6,1,1,0.5,0.109782921825739,100
"662",0.1,6,3,0.6,1,1,0.5,0.0779743663220411,100
"663",0.2,6,3,0.6,1,1,0.5,0.0639585574899381,100
"664",0.05,9,3,0.6,1,1,0.5,0.0905223245199465,100
"665",0.1,9,3,0.6,1,1,0.5,0.0673076863774699,100
"666",0.2,9,3,0.6,1,1,0.5,0.0597333790976493,99
"667",0.05,3,5,0.6,1,1,0.5,0.183279051389451,100
"668",0.1,3,5,0.6,1,1,0.5,0.132287116621051,100
"669",0.2,3,5,0.6,1,1,0.5,0.103167877152342,100
"670",0.05,6,5,0.6,1,1,0.5,0.114141095058298,100
"671",0.1,6,5,0.6,1,1,0.5,0.0836659413220055,100
"672",0.2,6,5,0.6,1,1,0.5,0.0695133448796156,100
"673",0.05,9,5,0.6,1,1,0.5,0.0980061579151531,100
"674",0.1,9,5,0.6,1,1,0.5,0.0751041030296945,100
"675",0.2,9,5,0.6,1,1,0.5,0.0667272528452121,95
"676",0.05,3,1,0.8,1,1,0.5,0.184141394849684,100
"677",0.1,3,1,0.8,1,1,0.5,0.133719072797321,100
"678",0.2,3,1,0.8,1,1,0.5,0.102069026826944,100
"679",0.05,6,1,0.8,1,1,0.5,0.105189352011727,100
"680",0.1,6,1,0.8,1,1,0.5,0.0709301275715191,100
"681",0.2,6,1,0.8,1,1,0.5,0.0572549664573152,100
"682",0.05,9,1,0.8,1,1,0.5,0.0750756390708278,100
"683",0.1,9,1,0.8,1,1,0.5,0.0532083345543279,100
"684",0.2,9,1,0.8,1,1,0.5,0.0452144722151537,99
"685",0.05,3,3,0.8,1,1,0.5,0.184012889076729,100
"686",0.1,3,3,0.8,1,1,0.5,0.133645819513524,100
"687",0.2,3,3,0.8,1,1,0.5,0.101959684153517,100
"688",0.05,6,3,0.8,1,1,0.5,0.107663869703724,100
"689",0.1,6,3,0.8,1,1,0.5,0.0753481511072317,100
"690",0.2,6,3,0.8,1,1,0.5,0.0613447700018443,100
"691",0.05,9,3,0.8,1,1,0.5,0.0841341591509369,100
"692",0.1,9,3,0.8,1,1,0.5,0.0618144844687527,100
"693",0.2,9,3,0.8,1,1,0.5,0.0525897518417407,100
"694",0.05,3,5,0.8,1,1,0.5,0.185298535919511,100
"695",0.1,3,5,0.8,1,1,0.5,0.133745105146678,100
"696",0.2,3,5,0.8,1,1,0.5,0.103007724616175,100
"697",0.05,6,5,0.8,1,1,0.5,0.110588039417391,100
"698",0.1,6,5,0.8,1,1,0.5,0.080898421787299,100
"699",0.2,6,5,0.8,1,1,0.5,0.0646501369284711,100
"700",0.05,9,5,0.8,1,1,0.5,0.0919014294510219,100
"701",0.1,9,5,0.8,1,1,0.5,0.0711394825125203,100
"702",0.2,9,5,0.8,1,1,0.5,0.0595011251428155,100
"703",0.05,3,1,1,1,1,0.5,0.185967184872385,100
"704",0.1,3,1,1,1,1,0.5,0.13581168332256,100
"705",0.2,3,1,1,1,1,0.5,0.103171138859328,100
"706",0.05,6,1,1,1,1,0.5,0.107061139706308,100
"707",0.1,6,1,1,1,1,0.5,0.072167524918878,100
"708",0.2,6,1,1,1,1,0.5,0.0545547468854204,100
"709",0.05,9,1,1,1,1,0.5,0.0741953724199135,100
"710",0.1,9,1,1,1,1,0.5,0.0521603163732163,100
"711",0.2,9,1,1,1,1,0.5,0.0435364310287737,100
"712",0.05,3,3,1,1,1,0.5,0.185671480508801,100
"713",0.1,3,3,1,1,1,0.5,0.13515440866423,100
"714",0.2,3,3,1,1,1,0.5,0.103125284305379,100
"715",0.05,6,3,1,1,1,0.5,0.108719569762224,100
"716",0.1,6,3,1,1,1,0.5,0.0756517754474501,100
"717",0.2,6,3,1,1,1,0.5,0.058681726255828,100
"718",0.05,9,3,1,1,1,0.5,0.0822776150864173,100
"719",0.1,9,3,1,1,1,0.5,0.059953595004974,100
"720",0.2,9,3,1,1,1,0.5,0.0524447379880793,100
"721",0.05,3,5,1,1,1,0.5,0.18490233675782,100
"722",0.1,3,5,1,1,1,0.5,0.135588134369576,100
"723",0.2,3,5,1,1,1,0.5,0.103174631482437,100
"724",0.05,6,5,1,1,1,0.5,0.11154794438324,100
"725",0.1,6,5,1,1,1,0.5,0.0789405100898391,100
"726",0.2,6,5,1,1,1,0.5,0.0634872418442075,100
"727",0.05,9,5,1,1,1,0.5,0.0866522833093918,100
"728",0.1,9,5,1,1,1,0.5,0.0665013816338364,100
"729",0.2,9,5,1,1,1,0.5,0.0556315740613252,100
"730",0.05,3,1,0.6,0.6,1.5,0.5,0.197779128790759,100
"731",0.1,3,1,0.6,0.6,1.5,0.5,0.14457130094621,100
"732",0.2,3,1,0.6,0.6,1.5,0.5,0.11340627055257,100
"733",0.05,6,1,0.6,0.6,1.5,0.5,0.139533289745659,100
"734",0.1,6,1,0.6,0.6,1.5,0.5,0.0972211567994914,100
"735",0.2,6,1,0.6,0.6,1.5,0.5,0.0763764989881995,100
"736",0.05,9,1,0.6,0.6,1.5,0.5,0.128945466742101,100
"737",0.1,9,1,0.6,0.6,1.5,0.5,0.0882095167009995,100
"738",0.2,9,1,0.6,0.6,1.5,0.5,0.0701618506854335,100
"739",0.05,3,3,0.6,0.6,1.5,0.5,0.195886957184693,100
"740",0.1,3,3,0.6,0.6,1.5,0.5,0.144173929647751,100
"741",0.2,3,3,0.6,0.6,1.5,0.5,0.112432179848931,100
"742",0.05,6,3,0.6,0.6,1.5,0.5,0.139410604390307,100
"743",0.1,6,3,0.6,0.6,1.5,0.5,0.0999361114031136,100
"744",0.2,6,3,0.6,0.6,1.5,0.5,0.0781120260181478,100
"745",0.05,9,3,0.6,0.6,1.5,0.5,0.129770313910747,100
"746",0.1,9,3,0.6,0.6,1.5,0.5,0.0927936137304345,100
"747",0.2,9,3,0.6,0.6,1.5,0.5,0.074848616363363,100
"748",0.05,3,5,0.6,0.6,1.5,0.5,0.196325540516759,100
"749",0.1,3,5,0.6,0.6,1.5,0.5,0.145142743170435,100
"750",0.2,3,5,0.6,0.6,1.5,0.5,0.114847324949595,100
"751",0.05,6,5,0.6,0.6,1.5,0.5,0.142119896745379,100
"752",0.1,6,5,0.6,0.6,1.5,0.5,0.102417348860562,100
"753",0.2,6,5,0.6,0.6,1.5,0.5,0.0828737746125541,100
"754",0.05,9,5,0.6,0.6,1.5,0.5,0.13493560629966,100
"755",0.1,9,5,0.6,0.6,1.5,0.5,0.0983788119671384,100
"756",0.2,9,5,0.6,0.6,1.5,0.5,0.0800089601311564,100
"757",0.05,3,1,0.8,0.6,1.5,0.5,0.195912650525448,100
"758",0.1,3,1,0.8,0.6,1.5,0.5,0.143578718433895,100
"759",0.2,3,1,0.8,0.6,1.5,0.5,0.112055742799386,100
"760",0.05,6,1,0.8,0.6,1.5,0.5,0.139852200765471,100
"761",0.1,6,1,0.8,0.6,1.5,0.5,0.0957762052034705,100
"762",0.2,6,1,0.8,0.6,1.5,0.5,0.0728625406324705,100
"763",0.05,9,1,0.8,0.6,1.5,0.5,0.123702222036354,100
"764",0.1,9,1,0.8,0.6,1.5,0.5,0.0861973208553815,100
"765",0.2,9,1,0.8,0.6,1.5,0.5,0.0652454040768076,100
"766",0.05,3,3,0.8,0.6,1.5,0.5,0.194936064466503,100
"767",0.1,3,3,0.8,0.6,1.5,0.5,0.14424599288292,100
"768",0.2,3,3,0.8,0.6,1.5,0.5,0.112240519729398,100
"769",0.05,6,3,0.8,0.6,1.5,0.5,0.137916250011325,100
"770",0.1,6,3,0.8,0.6,1.5,0.5,0.098282350865005,100
"771",0.2,6,3,0.8,0.6,1.5,0.5,0.0741239606289406,100
"772",0.05,9,3,0.8,0.6,1.5,0.5,0.126677913960945,100
"773",0.1,9,3,0.8,0.6,1.5,0.5,0.0882085876737906,100
"774",0.2,9,3,0.8,0.6,1.5,0.5,0.0694245824979956,100
"775",0.05,3,5,0.8,0.6,1.5,0.5,0.196954047397055,100
"776",0.1,3,5,0.8,0.6,1.5,0.5,0.14422379558316,100
"777",0.2,3,5,0.8,0.6,1.5,0.5,0.11315186184687,100
"778",0.05,6,5,0.8,0.6,1.5,0.5,0.139538626355053,100
"779",0.1,6,5,0.8,0.6,1.5,0.5,0.0999720393223791,100
"780",0.2,6,5,0.8,0.6,1.5,0.5,0.0786386038725225,100
"781",0.05,9,5,0.8,0.6,1.5,0.5,0.12993889860196,100
"782",0.1,9,5,0.8,0.6,1.5,0.5,0.0936765444324523,100
"783",0.2,9,5,0.8,0.6,1.5,0.5,0.0726623902516712,100
"784",0.05,3,1,1,0.6,1.5,0.5,0.196616556516008,100
"785",0.1,3,1,1,0.6,1.5,0.5,0.145431725920197,100
"786",0.2,3,1,1,0.6,1.5,0.5,0.112144568110552,100
"787",0.05,6,1,1,0.6,1.5,0.5,0.136720668250364,100
"788",0.1,6,1,1,0.6,1.5,0.5,0.0938574635183119,100
"789",0.2,6,1,1,0.6,1.5,0.5,0.0707935469467427,100
"790",0.05,9,1,1,0.6,1.5,0.5,0.120829011364516,100
"791",0.1,9,1,1,0.6,1.5,0.5,0.0842431535002003,100
"792",0.2,9,1,1,0.6,1.5,0.5,0.0634459559903018,100
"793",0.05,3,3,1,0.6,1.5,0.5,0.194828561550052,100
"794",0.1,3,3,1,0.6,1.5,0.5,0.145828314709694,100
"795",0.2,3,3,1,0.6,1.5,0.5,0.112979868156001,100
"796",0.05,6,3,1,0.6,1.5,0.5,0.137185947489893,100
"797",0.1,6,3,1,0.6,1.5,0.5,0.0932962830659285,100
"798",0.2,6,3,1,0.6,1.5,0.5,0.0713976670080213,100
"799",0.05,9,3,1,0.6,1.5,0.5,0.125612670090263,100
"800",0.1,9,3,1,0.6,1.5,0.5,0.0886732322699072,100
"801",0.2,9,3,1,0.6,1.5,0.5,0.0656468557566407,100
"802",0.05,3,5,1,0.6,1.5,0.5,0.197597312162177,100
"803",0.1,3,5,1,0.6,1.5,0.5,0.144273077701278,100
"804",0.2,3,5,1,0.6,1.5,0.5,0.113305592028829,100
"805",0.05,6,5,1,0.6,1.5,0.5,0.138531375374112,100
"806",0.1,6,5,1,0.6,1.5,0.5,0.0956223485552259,100
"807",0.2,6,5,1,0.6,1.5,0.5,0.0754524188049059,100
"808",0.05,9,5,1,0.6,1.5,0.5,0.127973032091897,100
"809",0.1,9,5,1,0.6,1.5,0.5,0.0861961875193259,100
"810",0.2,9,5,1,0.6,1.5,0.5,0.070219949171231,100
"811",0.05,3,1,0.6,0.8,1.5,0.5,0.186134748863441,100
"812",0.1,3,1,0.6,0.8,1.5,0.5,0.138119831624559,100
"813",0.2,3,1,0.6,0.8,1.5,0.5,0.107855116899609,100
"814",0.05,6,1,0.6,0.8,1.5,0.5,0.118535282187983,100
"815",0.1,6,1,0.6,0.8,1.5,0.5,0.0839024376772418,100
"816",0.2,6,1,0.6,0.8,1.5,0.5,0.0683196783256989,100
"817",0.05,9,1,0.6,0.8,1.5,0.5,0.101315143796953,100
"818",0.1,9,1,0.6,0.8,1.5,0.5,0.0739034956687152,100
"819",0.2,9,1,0.6,0.8,1.5,0.5,0.0573569424731303,100
"820",0.05,3,3,0.6,0.8,1.5,0.5,0.186507911979791,100
"821",0.1,3,3,0.6,0.8,1.5,0.5,0.138308236540943,100
"822",0.2,3,3,0.6,0.8,1.5,0.5,0.1077507505829,100
"823",0.05,6,3,0.6,0.8,1.5,0.5,0.12163945960314,100
"824",0.1,6,3,0.6,0.8,1.5,0.5,0.0881948188533694,100
"825",0.2,6,3,0.6,0.8,1.5,0.5,0.0700173835590662,100
"826",0.05,9,3,0.6,0.8,1.5,0.5,0.106456963614297,100
"827",0.1,9,3,0.6,0.8,1.5,0.5,0.078027079651005,100
"828",0.2,9,3,0.6,0.8,1.5,0.5,0.0646020663596278,100
"829",0.05,3,5,0.6,0.8,1.5,0.5,0.187162999981626,100
"830",0.1,3,5,0.6,0.8,1.5,0.5,0.138080158561707,100
"831",0.2,3,5,0.6,0.8,1.5,0.5,0.107931661524331,100
"832",0.05,6,5,0.6,0.8,1.5,0.5,0.125636964644044,100
"833",0.1,6,5,0.6,0.8,1.5,0.5,0.0932553017129265,100
"834",0.2,6,5,0.6,0.8,1.5,0.5,0.0745706959285641,100
"835",0.05,9,5,0.6,0.8,1.5,0.5,0.112525268948444,100
"836",0.1,9,5,0.6,0.8,1.5,0.5,0.084415662446371,100
"837",0.2,9,5,0.6,0.8,1.5,0.5,0.0721734404014902,100
"838",0.05,3,1,0.8,0.8,1.5,0.5,0.187390914745818,100
"839",0.1,3,1,0.8,0.8,1.5,0.5,0.137864019083148,100
"840",0.2,3,1,0.8,0.8,1.5,0.5,0.106294826154662,100
"841",0.05,6,1,0.8,0.8,1.5,0.5,0.116978847039912,100
"842",0.1,6,1,0.8,0.8,1.5,0.5,0.0815990164283936,100
"843",0.2,6,1,0.8,0.8,1.5,0.5,0.0647047014621126,100
"844",0.05,9,1,0.8,0.8,1.5,0.5,0.0981700409944973,100
"845",0.1,9,1,0.8,0.8,1.5,0.5,0.0683725736880536,100
"846",0.2,9,1,0.8,0.8,1.5,0.5,0.0572427617285783,100
"847",0.05,3,3,0.8,0.8,1.5,0.5,0.185985301229054,100
"848",0.1,3,3,0.8,0.8,1.5,0.5,0.137540807420627,100
"849",0.2,3,3,0.8,0.8,1.5,0.5,0.107412609322651,100
"850",0.05,6,3,0.8,0.8,1.5,0.5,0.11958074541052,100
"851",0.1,6,3,0.8,0.8,1.5,0.5,0.0839738771163923,100
"852",0.2,6,3,0.8,0.8,1.5,0.5,0.0644482898889618,100
"853",0.05,9,3,0.8,0.8,1.5,0.5,0.101144966379937,100
"854",0.1,9,3,0.8,0.8,1.5,0.5,0.071545163362048,100
"855",0.2,9,3,0.8,0.8,1.5,0.5,0.0595747985783914,100
"856",0.05,3,5,0.8,0.8,1.5,0.5,0.188256940270196,100
"857",0.1,3,5,0.8,0.8,1.5,0.5,0.138170641357166,100
"858",0.2,3,5,0.8,0.8,1.5,0.5,0.107999887310846,100
"859",0.05,6,5,0.8,0.8,1.5,0.5,0.119644315284028,100
"860",0.1,6,5,0.8,0.8,1.5,0.5,0.0872610907872241,100
"861",0.2,6,5,0.8,0.8,1.5,0.5,0.070710587578713,100
"862",0.05,9,5,0.8,0.8,1.5,0.5,0.109504895337523,100
"863",0.1,9,5,0.8,0.8,1.5,0.5,0.0771520934235845,100
"864",0.2,9,5,0.8,0.8,1.5,0.5,0.0635864213837165,100
"865",0.05,3,1,1,0.8,1.5,0.5,0.189489283451793,100
"866",0.1,3,1,1,0.8,1.5,0.5,0.137228661757864,100
"867",0.2,3,1,1,0.8,1.5,0.5,0.108076349261898,100
"868",0.05,6,1,1,0.8,1.5,0.5,0.115484732638179,100
"869",0.1,6,1,1,0.8,1.5,0.5,0.0795792889664147,100
"870",0.2,6,1,1,0.8,1.5,0.5,0.0603976002450922,100
"871",0.05,9,1,1,0.8,1.5,0.5,0.0925002696435437,100
"872",0.1,9,1,1,0.8,1.5,0.5,0.0638961999572208,100
"873",0.2,9,1,1,0.8,1.5,0.5,0.052357544692056,100
"874",0.05,3,3,1,0.8,1.5,0.5,0.188207676799678,100
"875",0.1,3,3,1,0.8,1.5,0.5,0.139110838969388,100
"876",0.2,3,3,1,0.8,1.5,0.5,0.108296498610319,100
"877",0.05,6,3,1,0.8,1.5,0.5,0.115599420491044,100
"878",0.1,6,3,1,0.8,1.5,0.5,0.0820608244708196,100
"879",0.2,6,3,1,0.8,1.5,0.5,0.0641955034837869,100
"880",0.05,9,3,1,0.8,1.5,0.5,0.097660003920298,100
"881",0.1,9,3,1,0.8,1.5,0.5,0.0686455392269093,100
"882",0.2,9,3,1,0.8,1.5,0.5,0.0566201686574722,100
"883",0.05,3,5,1,0.8,1.5,0.5,0.189162432671589,100
"884",0.1,3,5,1,0.8,1.5,0.5,0.139396408153218,100
"885",0.2,3,5,1,0.8,1.5,0.5,0.107988139775982,100
"886",0.05,6,5,1,0.8,1.5,0.5,0.119127530171535,100
"887",0.1,6,5,1,0.8,1.5,0.5,0.0840966095037563,100
"888",0.2,6,5,1,0.8,1.5,0.5,0.0665711511644328,100
"889",0.05,9,5,1,0.8,1.5,0.5,0.103201017230835,100
"890",0.1,9,5,1,0.8,1.5,0.5,0.0734704226085339,100
"891",0.2,9,5,1,0.8,1.5,0.5,0.0618512647664535,100
"892",0.05,3,1,0.6,1,1.5,0.5,0.18325891601927,100
"893",0.1,3,1,0.6,1,1.5,0.5,0.132804961002939,100
"894",0.2,3,1,0.6,1,1.5,0.5,0.102404809081046,100
"895",0.05,6,1,0.6,1,1.5,0.5,0.107141874829195,100
"896",0.1,6,1,0.6,1,1.5,0.5,0.0752899613212836,100
"897",0.2,6,1,0.6,1,1.5,0.5,0.0579985428298095,100
"898",0.05,9,1,0.6,1,1.5,0.5,0.0829552355570482,100
"899",0.1,9,1,0.6,1,1.5,0.5,0.0605154812981205,100
"900",0.2,9,1,0.6,1,1.5,0.5,0.0521973197837793,100
"901",0.05,3,3,0.6,1,1.5,0.5,0.184518371816558,100
"902",0.1,3,3,0.6,1,1.5,0.5,0.133509307479361,100
"903",0.2,3,3,0.6,1,1.5,0.5,0.102770080620844,100
"904",0.05,6,3,0.6,1,1.5,0.5,0.111404846042105,100
"905",0.1,6,3,0.6,1,1.5,0.5,0.0797009558488068,100
"906",0.2,6,3,0.6,1,1.5,0.5,0.0654108457890765,100
"907",0.05,9,3,0.6,1,1.5,0.5,0.0926057970265777,100
"908",0.1,9,3,0.6,1,1.5,0.5,0.0691623149126795,100
"909",0.2,9,3,0.6,1,1.5,0.5,0.0602860540855353,100
"910",0.05,3,5,0.6,1,1.5,0.5,0.183887960387673,100
"911",0.1,3,5,0.6,1,1.5,0.5,0.133258065400266,100
"912",0.2,3,5,0.6,1,1.5,0.5,0.103008075583421,100
"913",0.05,6,5,0.6,1,1.5,0.5,0.115663109425072,100
"914",0.1,6,5,0.6,1,1.5,0.5,0.0846782659682481,100
"915",0.2,6,5,0.6,1,1.5,0.5,0.0724800026067249,100
"916",0.05,9,5,0.6,1,1.5,0.5,0.100932953935827,100
"917",0.1,9,5,0.6,1,1.5,0.5,0.0766568520035324,100
"918",0.2,9,5,0.6,1,1.5,0.5,0.0674177560528762,100
"919",0.05,3,1,0.8,1,1.5,0.5,0.185643384596707,100
"920",0.1,3,1,0.8,1,1.5,0.5,0.133462621456215,100
"921",0.2,3,1,0.8,1,1.5,0.5,0.102754744154964,100
"922",0.05,6,1,0.8,1,1.5,0.5,0.106208800500211,100
"923",0.1,6,1,0.8,1,1.5,0.5,0.0728471584506033,100
"924",0.2,6,1,0.8,1,1.5,0.5,0.0582175666207157,100
"925",0.05,9,1,0.8,1,1.5,0.5,0.0776982980138452,100
"926",0.1,9,1,0.8,1,1.5,0.5,0.0563622310585342,100
"927",0.2,9,1,0.8,1,1.5,0.5,0.0485928768291256,99
"928",0.05,3,3,0.8,1,1.5,0.5,0.185152566073931,100
"929",0.1,3,3,0.8,1,1.5,0.5,0.133582736905903,100
"930",0.2,3,3,0.8,1,1.5,0.5,0.101966227767381,100
"931",0.05,6,3,0.8,1,1.5,0.5,0.109726504399406,100
"932",0.1,6,3,0.8,1,1.5,0.5,0.0767823304812992,100
"933",0.2,6,3,0.8,1,1.5,0.5,0.0610478471879934,100
"934",0.05,9,3,0.8,1,1.5,0.5,0.0870129373209343,100
"935",0.1,9,3,0.8,1,1.5,0.5,0.0635265125445369,100
"936",0.2,9,3,0.8,1,1.5,0.5,0.0537228051941524,100
"937",0.05,3,5,0.8,1,1.5,0.5,0.184878155231213,100
"938",0.1,3,5,0.8,1,1.5,0.5,0.134437652380076,100
"939",0.2,3,5,0.8,1,1.5,0.5,0.102839130367814,100
"940",0.05,6,5,0.8,1,1.5,0.5,0.112010825995867,100
"941",0.1,6,5,0.8,1,1.5,0.5,0.0812023569586546,100
"942",0.2,6,5,0.8,1,1.5,0.5,0.0662407857962416,100
"943",0.05,9,5,0.8,1,1.5,0.5,0.0933066121216343,100
"944",0.1,9,5,0.8,1,1.5,0.5,0.0705979231992672,100
"945",0.2,9,5,0.8,1,1.5,0.5,0.0600050997775701,100
"946",0.05,3,1,1,1,1.5,0.5,0.186419128089903,100
"947",0.1,3,1,1,1,1.5,0.5,0.137028655834494,100
"948",0.2,3,1,1,1,1.5,0.5,0.102715698198996,100
"949",0.05,6,1,1,1,1.5,0.5,0.108553807419941,100
"950",0.1,6,1,1,1,1.5,0.5,0.0747151807693804,100
"951",0.2,6,1,1,1,1.5,0.5,0.055151448165609,100
"952",0.05,9,1,1,1,1.5,0.5,0.0763399410161132,100
"953",0.1,9,1,1,1,1.5,0.5,0.0535808399122321,100
"954",0.2,9,1,1,1,1.5,0.5,0.0449304657255349,100
"955",0.05,3,3,1,1,1.5,0.5,0.186080666470827,100
"956",0.1,3,3,1,1,1.5,0.5,0.135855085587103,100
"957",0.2,3,3,1,1,1.5,0.5,0.103656161831342,100
"958",0.05,6,3,1,1,1.5,0.5,0.109397263937611,100
"959",0.1,6,3,1,1,1.5,0.5,0.0769730494775374,100
"960",0.2,6,3,1,1,1.5,0.5,0.0611955126017089,100
"961",0.05,9,3,1,1,1.5,0.5,0.0826835826183128,100
"962",0.1,9,3,1,1,1.5,0.5,0.0594285237143247,100
"963",0.2,9,3,1,1,1.5,0.5,0.0516493991104202,100
"964",0.05,3,5,1,1,1.5,0.5,0.185526351109604,100
"965",0.1,3,5,1,1,1.5,0.5,0.136523090181345,100
"966",0.2,3,5,1,1,1.5,0.5,0.1037887776171,100
"967",0.05,6,5,1,1,1.5,0.5,0.115340259742896,100
"968",0.1,6,5,1,1,1.5,0.5,0.0791226162722759,100
"969",0.2,6,5,1,1,1.5,0.5,0.0631439368818126,100
"970",0.05,9,5,1,1,1.5,0.5,0.0893806319609059,100
"971",0.1,9,5,1,1,1.5,0.5,0.066570557023104,100
"972",0.2,9,5,1,1,1.5,0.5,0.0560479407250479,100
